[
    {
        "section": "MCWine",
        "titles": [
            {
                "title": "Creator of MCWine",
                "names": [
                    "Kichura"
                ]
            },
            {
                "title": "Modpack Testers",
                "names": [
                    "Braxlin",
                    "BuzzyBumbleBees",
                    "DragonEggBedrockBreaking",
                    "Ecorous",
                    "FlashyReese",
                    "GamingMike21",
                    "grimmyxx",
                    "ManualGhost",
                    "PixelPoppyTV",
                    "runson_",
                    "Z-8Bit"
                ]
            },
            {
                "title": "Mod Creators",
                "names": [
                    "2No2Name",
                    "Abbie",
                    "ADON15c",
                    "AbdElAziz",
                    "Aizistral",
                    "AshIndigo",
                    "astei",
                    "BreadLoaf",
                    "coderbot",
                    "creeper123123321",
                    "DimiDimit",
                    "DuncanRuns",
                    "d4rkm0nkey",
                    "EcoBuilder13",
                    "Ecorous",
                    "FluffyBumblebees",
                    "FoundationGames",
                    "ForceUpdate1",
                    "Gerrygames",
                    "gnembon",
                    "grondag",
                    "IMS212",
                    "JellySquid",
                    "Jerozgen",
                    "JoostMSoftware",
                    "Justsnoopy30",
                    "juliand665",
                    "KingContaria",
                    "Kyrptonaught",
                    "kennytv",
                    "LambdAurora",
                    "LogicalGeekBoy",
                    "Lortseam",
                    "Lucaslah",
                    "Matsv",
                    "Motschen",
                    "Mrredstone5230",
                    "malte0811",
                    "masady",
                    "morimori0317",
                    "Pepper_Bell",
                    "Provismet",
                    "RaderRMT",
                    "ryanccn",
                    "Spottedleaf",
                    "thegameratort",
                    "thetechnici4n",
                    "tr9zw",
                    "yurisuika"
                ]
            },
            {
                "title": "Library Maintainers",
                "names": [
                    "_MylesC",
                    "creeper123123321",
                    "Emi",
                    "Falkreon",
                    "Gerrygames",
                    "Juuz",
                    "kennytv",
                    "LambdAurora",
                    "Matsv",
                    "Motschen",
                    "masady",
                    "modruss50",
                    "sfPlayer1",
                    "shedaniel",
                    "unascribed"
                ]
            },
            {
                "title": "Resource Pack Credits (Default+)",
                "names": [
                    "1Krista",
                    "6_28318530717958",
                    "Amaro_Lunatico",
                    "Animun",
                    "AnnouncerF",
                    "ArmouredMonkey",
                    "androidbuster-VE",
                    "BigDiegoMC",
                    "Bold_Muddy",
                    "blank3times",
                    "Chacky",
                    "Chubins -VE",
                    "Cubeoidal",
                    "carriecare",
                    "DJAruun",
                    "DapperLoosh",
                    "DareSea_",
                    "DartCat25",
                    "DeadbushCarrot",
                    "Delphi-",
                    "DerpyBro",
                    "DiamondIsntHere",
                    "DevDyna",
                    "dbrighthd",
                    "EachMenderKhai",
                    "Echonix",
                    "Eianex",
                    "EpicCOAwesomeKid",
                    "Francielly",
                    "Francrack",
                    "flatjim_",
                    "funkiestcord67",
                    "GalacticAnimations",
                    "Gameations",
                    "GrandMagus",
                    "glitchy256",
                    "Heeco",
                    "henwiquegamesuwu",
                    "ICantThinkOfAUsername",
                    "IcarusIsBestGirl",
                    "Iceologer",
                    "IcyCrystal",
                    "ImXR24",
                    "Intermet179",
                    "IronDuchess",
                    "ianruja",
                    "ic22487",
                    "iloveflareon",
                    "i_used_the_wrong_email",
                    "JMHMirror",
                    "JoeEnderman",
                    "jogurciQ",
                    "Kichura",
                    "Lad_Flaver",
                    "Legofelix55",
                    "LunaByte",
                    "liahim85",
                    "Manuel XXVI",
                    "MasterCRAFT134",
                    "MiauMattiMC",
                    "MichiMine",
                    "MiningPug",
                    "mr_ch0c0late1",
                    "NeraMinusMinus",
                    "NeraW",
                    "natzival",
                    "OffLime",
                    "OlPyd",
                    "PencilVoid",
                    "PixelBrush",
                    "PixelPeter",
                    "Pythagoras_314",
                    "qkrehf2",
                    "Ratz_Borkopf",
                    "rarysm",
                    "Sr_Paulo___",
                    "StormDragon77",
                    "SweatyYeti",
                    "sadlittletree",
                    "send4kolchak",
                    "TechDawg98",
                    "TheMobCave",
                    "ThePsychoEspeon",
                    "TinyDaggsy",
                    "To0pa",
                    "The Vanilla Tweaks Team",
                    "tienphuc2006",
                    "tild09",
                    "valesde_valley",
                    "ダイヤ二ゲロウ"
                ]
            },
            {
                "title": "Resource Pack Credits (Programmer Art+)",
                "names": [
                    "blank3times",
                    "DeadbushCarrot",
                    "ic22487",
                    "nappabutterfinger",
                    "SalC1",
                    "thgabs"
                ]
            },
            {
                "title": "Resource Pack Credits (High Contrast+)",
                "names": [
                    "Hobbit Falcon",
                    "Kichura",
                    "Lizter",
                    "The Vanilla Tweaks Team"
                ]
            },
            {
                "title": "Special Thanks",
                "names": [
                    "FlashyReese (Documentation for GitHub)",
                    "Julienraptor01 (Contributor)",
                    "ImZxhir (Contributor)",
                    "MrMangoHands (Assistant for Lithium)",
                    "NeruuNoPants (Alpha Tester)",
                    "The ProtocolSupport Team (Inspiration)",
                    "The ViaVersion Team (Inspiration)",
                    "The WineHQ Team (Inspiration)",
                    "triphora (Assistant for Modrinth Version)"
                ]
            }
        ]
    }
]
