[
    {
        "section": "MCWine",
        "disciplines": [
            {
                "discipline": "Maintainer and Testers",
                "titles": [
                    {
                        "title": "Modpack Maintainer",
                        "names": [
                            "Kichura"
                        ]
                    },
                    {
                        "title": "Modpack Contributors",
                        "names": [
                            "Braxlin",
                            "ImZxhir",
                            "Julienraptor01"
                        ]
                    },
                    {
                        "title": "Modpack Testers",
                        "names": [
                            "Braxlin",
                            "BuzzyBumbleBees",
                            "DragonEggBedrockBreaking",
                            "Ecorous",
                            "FlashyReese",
                            "GamingMike21",
                            "grimmyxx",
                            "ManualGhost",
                            "NeruuNoPants",
                            "PixelPoppyTV",
                            "runson_",
                            "Z-8Bit"
                        ]
                    }
                ]
            },
            {
                "discipline": "Mod and Library Developers",
                "titles": [
                    {
                        "title": "Mod Developers",
                        "names": [
                            "2No2Name",
                            "Abbie",
                            "ADON15c",
                            "Aizistral",
                            "AshIndigo",
                            "BreadLoaf",
                            "coderbot",
                            "comp500",
                            "creeper123123321",
                            "DimiDimit",
                            "DuncanRuns",
                            "d4rkm0nkey",
                            "EcoBuilder13",
                            "Ecorous",
                            "embeddedt",
                            "FlashyReese",
                            "FluffyBumblebees",
                            "FoundationGames",
                            "ForceUpdate1",
                            "Gerrygames",
                            "gnembon",
                            "grondag",
                            "IMS212",
                            "JellySquid",
                            "Jerozgen",
                            "Justsnoopy30",
                            "juliand665",
                            "KingContaria",
                            "Kyrptonaught",
                            "kennytv",
                            "LambdAurora",
                            "LogicalGeekBoy",
                            "Lortseam",
                            "Lucaslah",
                            "Matsv",
                            "Motschen",
                            "Mrredstone5230",
                            "malte0811",
                            "masady",
                            "morimori0317",
                            "Pepper_Bell",
                            "Provismet",
                            "RaderRMT",
                            "Roundaround",
                            "rdvdev2",
                            "ryanccn",
                            "Spottedleaf",
                            "thetechnici4n",
                            "tr9zw",
                            "yurisuika"
                        ]
                    },
                    {
                        "title": "Library Developers",
                        "names": [
                            "_MylesC",
                            "creeper123123321",
                            "Emi",
                            "Falkreon",
                            "Gerrygames",
                            "Juuz",
                            "kennytv",
                            "LambdAurora",
                            "Matsv",
                            "Motschen",
                            "masady",
                            "modruss50",
                            "sfPlayer1",
                            "shedaniel",
                            "unascribed"
                        ]
                    }
                ]
            },
            {
                "discipline": "Resource Pack Credits",
                "titles": [
                    {
                        "title": "Credits for Default+",
                        "names": [
                            "1Krista",
                            "6_28318530717958",
                            "Amaro_Lunatico",
                            "Animun",
                            "AnnouncerF",
                            "ArmouredMonkey",
                            "androidbuster-VE",
                            "BigDiegoMC",
                            "Bold_Muddy",
                            "blank3times",
                            "Cappee",
                            "Chacky",
                            "Chubins -VE",
                            "Cleora",
                            "CountXD",
                            "Cubeoidal",
                            "carriecare",
                            "DJAruun",
                            "DapperLoosh",
                            "DareSea_",
                            "DartCat25",
                            "DeadbushCarrot",
                            "Delphi-",
                            "DerpyBro",
                            "DiamondIsntHere",
                            "DevDyna",
                            "dbrighthd",
                            "EachMenderKhai",
                            "Echonix",
                            "Eianex",
                            "EpicCOAwesomeKid",
                            "Francielly",
                            "Francrack",
                            "flatjim_",
                            "funkiestcord67",
                            "GalacticAnimations",
                            "Gameations",
                            "GrandMagus",
                            "glitchy256",
                            "Heeco",
                            "henwiquegamesuwu",
                            "ICantThinkOfAUsername",
                            "IcarusIsBestGirl",
                            "Iceologer",
                            "IcyCrystal",
                            "ImXR24",
                            "Intermet179",
                            "IronDuchess",
                            "ianruja",
                            "ic22487",
                            "iloveflareon",
                            "i_used_the_wrong_email",
                            "JMHMirror",
                            "JoeEnderman",
                            "jogurciQ",
                            "Kichura",
                            "Lad_Flaver",
                            "Legofelix55",
                            "LunaByte",
                            "liahim85",
                            "Manuel XXVI",
                            "MasterCRAFT134",
                            "MichiMine",
                            "MiningPug",
                            "mr_ch0c0late1",
                            "NeraMinusMinus",
                            "NeraW",
                            "natzival",
                            "OffLime",
                            "OlPyd",
                            "PencilVoid",
                            "PixelBrush",
                            "PixelPeter",
                            "Pythagoras_314",
                            "qkrehf2",
                            "Ratz_Borkopf",
                            "rarysm",
                            "robotkoer",
                            "Sr_Paulo___",
                            "StormDragon77",
                            "SweatyYeti",
                            "sadlittletree",
                            "send4kolchak",
                            "TechDawg98",
                            "TheMobCave",
                            "ThePsychoEspeon",
                            "TinyDaggsy",
                            "To0pa",
                            "The Vanilla Tweaks Team",
                            "tienphuc2006",
                            "tild09",
                            "valesde_valley",
                            "ダイヤ二ゲロウ"
                        ]
                    },
                    {
                        "title": "Credits for Programmer Art+",
                        "names": [
                            "Asteroider",
                            "agus_punk",
                            "BattierJam",
                            "blank3times",
                            "Conifer",
                            "Crackers0106",
                            "glitchy256",
                            "Kichura",
                            "Lassebq",
                            "nappabutterfinger",
                            "OkuuRavenWings",
                            "robotkoer",
                            "SalC1",
                            "shmoobalizer",
                            "thgabs"
                        ]
                    },
                    {
                        "title": "Credits for High Contrast+",
                        "names": [
                            "Cleora",
                            "Kichura",
                            "Lizter",
                            "RubricalChain25",
                            "robotkoer",
                            "The Vanilla Tweaks Team"
                        ]
                    }
                ]
            },
            {
                "discipline": "Assistants And Inspirations",
                "titles": [
                    {
                        "title": "Assistants",
                        "names": [
                            "FlashyReese",
                            "MrMangoHands",
                            "triphora"
                        ]
                    },
                    {
                        "title": "Inspirations",
                        "names": [
                            "The ViaVersion Team",
                            "The WineHQ Team"
                        ]
                    }
                ]
            }
        ]
    }
]
