{
  "variants": {
    "": [
      {
        "model": "minecraft:block/potted_allium/potted_allium", "weight":10
      },
      {
        "model": "minecraft:block/potted_allium/potted_allium1", "weight":8
      },
      {
        "model": "minecraft:block/potted_allium/potted_allium2", "weight":5
      },
      {
        "model": "minecraft:block/potted_allium/potted_allium3", "weight":8
      },
      {
        "model": "minecraft:block/potted_allium/potted_allium4", "weight":2
      },
      {
        "model": "minecraft:block/potted_allium/potted_allium5", "weight":5
      },
      { 
        "model": "minecraft:block/potted_allium/potted_allium6", "weight":3
      },
      { 
        "model": "minecraft:block/potted_allium/potted_allium7", "weight":2
      },
      { 
        "model": "minecraft:block/potted_allium/potted_allium8", "weight":3
      },
      {
        "model": "minecraft:block/potted_allium/potted_allium9", "weight":2
      },
      {
        "model": "minecraft:block/potted_allium/potted_allium10", "weight":3
      }
    ]
  }
}