{
    "parent": "item/generated",
	"display": {
		"thirdperson_righthand": {
			"rotation": [-22.5, -96, 11],
			"translation": [0, 3.25, 2.25],
			"scale": [0.95, 0.95, 0.95]
		},
		"thirdperson_lefthand": {
			"rotation": [-22.5, 84, -11],
			"translation": [0, 3.25, 2.25],
			"scale": [0.95, 0.95 ,0.95]
		},
		"firstperson_righthand": {
            "rotation": [ 0, -90, 25 ],
            "translation": [ 1.13, 3.2, 1.13 ],
            "scale": [ 0.68, 0.68, 0.68 ]
        },
        "firstperson_lefthand": {
            "rotation": [ 0, 90, -25 ],
            "translation": [ 1.13, 3.2, 1.13 ],
            "scale": [ 0.68, 0.68, 0.68 ]
        }
    }
}
