{
	"textures": {
		"particle": "#texture"
	},
	"elements": [
		{
			"name": "top bar",
			"from": [7, 12, 0],
			"to": [9, 15, 9],
			"faces": {
				"north": {"uv": [7, 1, 9, 4], "texture": "#texture", "cullface": "north"},
				"east": {"uv": [0, 1, 9, 4], "texture": "#texture"},
				"west": {"uv": [0, 1, 9, 4], "texture": "#texture"},
				"up": {"uv": [7, 0, 9, 9], "texture": "#texture"},
				"down": {"uv": [7, 0, 9, 9], "texture": "#texture"}
			}
		},
		{
			"name": "lower bar",
			"from": [7, 5, 0],
			"to": [9, 8, 9],
			"rotation": {"angle": 0, "axis": "y", "origin": [8, 7, 8]},
			"faces": {
				"north": {"uv": [7, 7, 9, 10], "texture": "#texture", "cullface": "north"},
				"east": {"uv": [0, 7, 9, 10], "texture": "#texture"},
				"west": {"uv": [0, 7, 9, 10], "texture": "#texture"},
				"up": {"uv": [7, 0, 9, 9], "texture": "#texture"},
				"down": {"uv": [7, 0, 9, 9], "texture": "#texture"}
			}
		}
	]
}
