{
	"parent": "block/cube_all",
	"textures": {
		"sides": "block/polished_granite_slab_side",
		"ends": "block/polished_granite",
		"particle": "block/polished_granite_slab_side"
	},
	"elements": [
		{
			"from": [0, 0, 0],
			"to": [16, 16, 16],
			"faces": {
				"north": {"uv": [0, 0, 16, 16], "texture": "#sides"},
				"east": {"uv": [0, 0, 16, 16], "texture": "#sides"},
				"south": {"uv": [0, 0, 16, 16], "texture": "#sides"},
				"west": {"uv": [0, 0, 16, 16], "texture": "#sides"},
				"up": {"uv": [0, 0, 16, 16], "texture": "#ends"},
				"down": {"uv": [0, 0, 16, 16], "texture": "#ends"}
			}
		}
	],
	"display": {}
}
